-- MySQL Script generated by MySQL Workbench
-- Fri Oct 13 19:47:54 2017
-- Model: New Model    Version: 1.0
-- MySQL Workbench Forward Engineering

SET @OLD_UNIQUE_CHECKS=@@UNIQUE_CHECKS, UNIQUE_CHECKS=0;
SET @OLD_FOREIGN_KEY_CHECKS=@@FOREIGN_KEY_CHECKS, FOREIGN_KEY_CHECKS=0;
SET @OLD_SQL_MODE=@@SQL_MODE, SQL_MODE='TRADITIONAL,ALLOW_INVALID_DATES';

-- -----------------------------------------------------
-- Schema MusicStores
-- -----------------------------------------------------
-- База данных содержит информацию о сети музыкальных магазинов, предоставляемом ассортименте товаров, их покупателях.

-- -----------------------------------------------------
-- Schema MusicStores
--
-- База данных содержит информацию о сети музыкальных магазинов, предоставляемом ассортименте товаров, их покупателях.
-- -----------------------------------------------------
CREATE SCHEMA IF NOT EXISTS `MusicStores` DEFAULT CHARACTER SET utf8 ;
USE `MusicStores` ;

-- -----------------------------------------------------
-- Table `MusicStores`.`Покупатель`
-- -----------------------------------------------------
CREATE TABLE IF NOT EXISTS `MusicStores`.`Покупатель` (
  `ID_покупателя` CHAR(10) NOT NULL,
  `Фамилия` VARCHAR(40) NOT NULL,
  `Имя` VARCHAR(40) NOT NULL,
  `Отчество` VARCHAR(40) NOT NULL,
  `Дата_рождения` DATE NOT NULL,
  `Город_проживания` VARCHAR(40) NOT NULL,
  `Мобильный телефон` VARCHAR(20) NOT NULL,
  PRIMARY KEY (`ID_покупателя`),
  UNIQUE INDEX `ID покупателя_UNIQUE` (`ID_покупателя` ASC),
  UNIQUE INDEX `Мобильный телефон_UNIQUE` (`Мобильный телефон` ASC))
ENGINE = InnoDB;


-- -----------------------------------------------------
-- Table `MusicStores`.`Магазин`
-- -----------------------------------------------------
CREATE TABLE IF NOT EXISTS `MusicStores`.`Магазин` (
  `ID_магазина` CHAR(10) NOT NULL,
  `Город` VARCHAR(40) NOT NULL,
  `Адрес` VARCHAR(40) NOT NULL,
  `Способ_оплаты` TINYINT NOT NULL,
  `Контактный телефон` VARCHAR(20) NOT NULL,
  PRIMARY KEY (`ID_магазина`),
  UNIQUE INDEX `ID_магазина_UNIQUE` (`ID_магазина` ASC),
  UNIQUE INDEX `Адрес_UNIQUE` (`Адрес` ASC),
  UNIQUE INDEX `Контактный телефон_UNIQUE` (`Контактный телефон` ASC))
ENGINE = InnoDB;


-- -----------------------------------------------------
-- Table `MusicStores`.`Диск`
-- -----------------------------------------------------
CREATE TABLE IF NOT EXISTS `MusicStores`.`Диск` (
  `Артикул_альбома` VARCHAR(15) NOT NULL,
  `Носитель` VARCHAR(40) NOT NULL,
  `Наименование_альбома` VARCHAR(50) NOT NULL,
  `Исполнитель` VARCHAR(50) NOT NULL,
  `Дата_релиза` DATE NOT NULL,
  `Жанр` VARCHAR(20) NOT NULL,
  `Лейбл` VARCHAR(20) NOT NULL,
  PRIMARY KEY (`Артикул_альбома`),
  UNIQUE INDEX `Артикул_альбома_UNIQUE` (`Артикул_альбома` ASC))
ENGINE = InnoDB;


-- -----------------------------------------------------
-- Table `MusicStores`.`Гитара`
-- -----------------------------------------------------
CREATE TABLE IF NOT EXISTS `MusicStores`.`Гитара` (
  `Артикул_гитары` VARCHAR(15) NOT NULL,
  `Тип_гитары` VARCHAR(50) NOT NULL,
  `Наименование_гитары` VARCHAR(50) NOT NULL,
  `Производитель` VARCHAR(20) NOT NULL,
  `Страна` VARCHAR(20) NOT NULL,
  `Основной_материал` VARCHAR(100) NOT NULL,
  `Цвет` VARCHAR(40) NOT NULL,
  `Вес` FLOAT NOT NULL,
  PRIMARY KEY (`Артикул_гитары`),
  UNIQUE INDEX `Артикул_гитары_UNIQUE` (`Артикул_гитары` ASC))
ENGINE = InnoDB;


-- -----------------------------------------------------
-- Table `MusicStores`.`Аксессуар`
-- -----------------------------------------------------
CREATE TABLE IF NOT EXISTS `MusicStores`.`Аксессуар` (
  `Артикул_аксессуара` VARCHAR(15) NOT NULL,
  `Тип_аксессуара` VARCHAR(40) NOT NULL,
  `Тип_гитары` VARCHAR(40) NOT NULL,
  `Наименование_аксессуара` VARCHAR(40) NOT NULL,
  `Производитель` VARCHAR(20) NOT NULL,
  `Страна` VARCHAR(20) NOT NULL,
  `Основной_материал` VARCHAR(40) NULL,
  `Цвет` VARCHAR(40) NULL,
  `Вес` FLOAT NOT NULL,
  PRIMARY KEY (`Артикул_аксессуара`),
  UNIQUE INDEX `Артикул_аксессуара_UNIQUE` (`Артикул_аксессуара` ASC))
ENGINE = InnoDB;


-- -----------------------------------------------------
-- Table `MusicStores`.`Чек`
-- -----------------------------------------------------
CREATE TABLE IF NOT EXISTS `MusicStores`.`Чек` (
  `Номер_чека` CHAR(3) NOT NULL,
  `ID_магазина` CHAR(10) NOT NULL,
  `ID_покупателя` CHAR(10) NOT NULL,
  `Артикул_товара` VARCHAR(15) NOT NULL,
  `Количество_единиц_товара` INT(2) NOT NULL,
  `Цена_единицы_товара` INT(7) NOT NULL,
  PRIMARY KEY (`Номер_чека`, `Артикул_товара`),
  INDEX `ID_покупателя_idx` (`ID_покупателя` ASC),
  INDEX `ID_магазина_idx` (`ID_магазина` ASC),
  INDEX `Артикул_товара_диск_idx` (`Артикул_товара` ASC),
  CONSTRAINT `ID_покупателя`
    FOREIGN KEY (`ID_покупателя`)
    REFERENCES `MusicStores`.`Покупатель` (`ID_покупателя`)
    ON DELETE NO ACTION
    ON UPDATE NO ACTION,
  CONSTRAINT `ID_магазина`
    FOREIGN KEY (`ID_магазина`)
    REFERENCES `MusicStores`.`Магазин` (`ID_магазина`)
    ON DELETE NO ACTION
    ON UPDATE NO ACTION,
  CONSTRAINT `Артикул_товара_диск`
    FOREIGN KEY (`Артикул_товара`)
    REFERENCES `MusicStores`.`Диск` (`Артикул_альбома`)
    ON DELETE NO ACTION
    ON UPDATE NO ACTION,
  CONSTRAINT `Артикул_товара_гитара`
    FOREIGN KEY (`Артикул_товара`)
    REFERENCES `MusicStores`.`Гитара` (`Артикул_гитары`)
    ON DELETE NO ACTION
    ON UPDATE NO ACTION,
  CONSTRAINT `Артикул_товара_аксессуар`
    FOREIGN KEY (`Артикул_товара`)
    REFERENCES `MusicStores`.`Аксессуар` (`Артикул_аксессуара`)
    ON DELETE NO ACTION
    ON UPDATE NO ACTION)
ENGINE = InnoDB;


-- -----------------------------------------------------
-- Table `MusicStores`.`Поставщик`
-- -----------------------------------------------------
CREATE TABLE IF NOT EXISTS `MusicStores`.`Поставщик` (
  `ID_поставщика` CHAR(10) NOT NULL,
  `Фамилия` VARCHAR(40) NOT NULL,
  `Имя` VARCHAR(40) NOT NULL,
  `Отчество` VARCHAR(40) NULL,
  `Страна` VARCHAR(30) NOT NULL,
  `Контактный_телефон` VARCHAR(20) NOT NULL,
  PRIMARY KEY (`ID_поставщика`),
  UNIQUE INDEX `ID_поставщика_UNIQUE` (`ID_поставщика` ASC),
  UNIQUE INDEX `Контактный_телефон_UNIQUE` (`Контактный_телефон` ASC))
ENGINE = InnoDB;


-- -----------------------------------------------------
-- Table `MusicStores`.`Поставка`
-- -----------------------------------------------------
CREATE TABLE IF NOT EXISTS `MusicStores`.`Поставка` (
  `ID_поставки` CHAR(10) NOT NULL,
  `ID_поставщика` CHAR(10) NOT NULL,
  `ID_магазина` CHAR(10) NOT NULL,
  `Тип_товара` VARCHAR(20) NOT NULL,
  `Артикул_товара` VARCHAR(15) NOT NULL,
  `Объём` INT(4) NOT NULL,
  PRIMARY KEY (`ID_поставки`, `Артикул_товара`),
  INDEX `ID_магазина_idx` (`ID_магазина` ASC),
  INDEX `ID_поставщика_idx` (`ID_поставщика` ASC),
  CONSTRAINT `ID_магазина`
    FOREIGN KEY (`ID_магазина`)
    REFERENCES `MusicStores`.`Магазин` (`ID_магазина`)
    ON DELETE NO ACTION
    ON UPDATE NO ACTION,
  CONSTRAINT `ID_поставщика`
    FOREIGN KEY (`ID_поставщика`)
    REFERENCES `MusicStores`.`Поставщик` (`ID_поставщика`)
    ON DELETE CASCADE
    ON UPDATE CASCADE)
ENGINE = InnoDB;


-- -----------------------------------------------------
-- Table `MusicStores`.`Товар_на_складе`
-- -----------------------------------------------------
CREATE TABLE IF NOT EXISTS `MusicStores`.`Товар_на_складе` (
  `ID_поставщика` CHAR(3) NOT NULL,
  `Тип_товара` VARCHAR(20) NOT NULL,
  `Артикул_товара` VARCHAR(15) NOT NULL,
  PRIMARY KEY (`ID_поставщика`, `Артикул_товара`),
  INDEX `Артикул-Диск_idx` (`Артикул_товара` ASC),
  CONSTRAINT `Товар-Диск`
    FOREIGN KEY (`Артикул_товара`)
    REFERENCES `MusicStores`.`Диск` (`Артикул_альбома`)
    ON DELETE CASCADE
    ON UPDATE CASCADE,
  CONSTRAINT `Товар-Гитара`
    FOREIGN KEY (`Артикул_товара`)
    REFERENCES `MusicStores`.`Гитара` (`Артикул_гитары`)
    ON DELETE CASCADE
    ON UPDATE CASCADE,
  CONSTRAINT `Товар-Аксессуар`
    FOREIGN KEY (`Артикул_товара`)
    REFERENCES `MusicStores`.`Аксессуар` (`Артикул_аксессуара`)
    ON DELETE CASCADE
    ON UPDATE CASCADE,
  CONSTRAINT `Товар-Поставщик`
    FOREIGN KEY (`ID_поставщика`)
    REFERENCES `MusicStores`.`Поставщик` (`ID_поставщика`)
    ON DELETE CASCADE
    ON UPDATE CASCADE)
ENGINE = InnoDB;


SET SQL_MODE=@OLD_SQL_MODE;
SET FOREIGN_KEY_CHECKS=@OLD_FOREIGN_KEY_CHECKS;
SET UNIQUE_CHECKS=@OLD_UNIQUE_CHECKS;

-- -----------------------------------------------------
-- Data for table `MusicStores`.`Покупатель`
-- -----------------------------------------------------
START TRANSACTION;
USE `MusicStores`;
INSERT INTO `MusicStores`.`Покупатель` (`ID_покупателя`, `Фамилия`, `Имя`, `Отчество`, `Дата_рождения`, `Город_проживания`, `Мобильный телефон`) VALUES ('C1', 'Григорьев', 'Илья', 'Владимирович', '1987-12-13', 'Одинцово', '+7 (456) 456-45-22');
INSERT INTO `MusicStores`.`Покупатель` (`ID_покупателя`, `Фамилия`, `Имя`, `Отчество`, `Дата_рождения`, `Город_проживания`, `Мобильный телефон`) VALUES ('C2', 'Санникова', 'Оксана', 'Валентиновна', '1993-05-25', 'Челябинск', '+7 (455) 678-54-76');
INSERT INTO `MusicStores`.`Покупатель` (`ID_покупателя`, `Фамилия`, `Имя`, `Отчество`, `Дата_рождения`, `Город_проживания`, `Мобильный телефон`) VALUES ('C3', 'Сотников', 'Сергей', 'Алексеевич', '1967-11-12', 'Москва', '+7 (466) 456-34-67');
INSERT INTO `MusicStores`.`Покупатель` (`ID_покупателя`, `Фамилия`, `Имя`, `Отчество`, `Дата_рождения`, `Город_проживания`, `Мобильный телефон`) VALUES ('C4', 'Гордеева', 'Ксения', 'Викторовна', '1984-03-22', 'Тула', '+7 (457) 566-43-88');
INSERT INTO `MusicStores`.`Покупатель` (`ID_покупателя`, `Фамилия`, `Имя`, `Отчество`, `Дата_рождения`, `Город_проживания`, `Мобильный телефон`) VALUES ('C5', 'Соломатов', 'Артур', 'Александрович', '1973-06-30', 'Владимир', '+7 (453) 457-78-90');

COMMIT;


-- -----------------------------------------------------
-- Data for table `MusicStores`.`Магазин`
-- -----------------------------------------------------
START TRANSACTION;
USE `MusicStores`;
INSERT INTO `MusicStores`.`Магазин` (`ID_магазина`, `Город`, `Адрес`, `Способ_оплаты`, `Контактный телефон`) VALUES ('R1', 'Москва', 'Скатертный пер., 8', 2, '+7 (457) 365-34-67');
INSERT INTO `MusicStores`.`Магазин` (`ID_магазина`, `Город`, `Адрес`, `Способ_оплаты`, `Контактный телефон`) VALUES ('R2', 'Краснодар', 'ул. Садовая, 113/1', 1, '+7 (488) 457-33-57');
INSERT INTO `MusicStores`.`Магазин` (`ID_магазина`, `Город`, `Адрес`, `Способ_оплаты`, `Контактный телефон`) VALUES ('R3', 'Челябинск', 'ул. Кирова, 98', 2, '+7 (432) 455-89-90');
INSERT INTO `MusicStores`.`Магазин` (`ID_магазина`, `Город`, `Адрес`, `Способ_оплаты`, `Контактный телефон`) VALUES ('R4', 'Уфа', 'просп. Октября, 56/1', 1, '+7 (468) 435-88-55');
INSERT INTO `MusicStores`.`Магазин` (`ID_магазина`, `Город`, `Адрес`, `Способ_оплаты`, `Контактный телефон`) VALUES ('R5', 'Самара', 'ул. Молодогвардейская, 220', 2, '+7 (435) 678-55-24');

COMMIT;


-- -----------------------------------------------------
-- Data for table `MusicStores`.`Диск`
-- -----------------------------------------------------
START TRANSACTION;
USE `MusicStores`;
INSERT INTO `MusicStores`.`Диск` (`Артикул_альбома`, `Носитель`, `Наименование_альбома`, `Исполнитель`, `Дата_релиза`, `Жанр`, `Лейбл`) VALUES ('SBMK308428.2', 'Компакт-диск', 'These Are Special Times', 'Celine Dion', '1998-11-03', 'Поп', 'Sbme Special Mkts.');
INSERT INTO `MusicStores`.`Диск` (`Артикул_альбома`, `Носитель`, `Наименование_альбома`, `Исполнитель`, `Дата_релиза`, `Жанр`, `Лейбл`) VALUES ('GEFB001452302.2', 'Компакт-диск', 'Icon', 'Lynyrd Skynyrd', '2010-08-31', 'Рок', 'Geffen Records');
INSERT INTO `MusicStores`.`Диск` (`Артикул_альбома`, `Носитель`, `Наименование_альбома`, `Исполнитель`, `Дата_релиза`, `Жанр`, `Лейбл`) VALUES ('CAP82468.1', 'Грампластинка (винил)', 'Abbey Road', 'Beatles', '2012-11-13', 'Рок', 'Capitol');
INSERT INTO `MusicStores`.`Диск` (`Артикул_альбома`, `Носитель`, `Наименование_альбома`, `Исполнитель`, `Дата_релиза`, `Жанр`, `Лейбл`) VALUES ('IMT3681708.2', 'CD сингл', 'Johnny\'s Band', 'Deep Purple', '2017-08-11', 'Рок', 'Imports');
INSERT INTO `MusicStores`.`Диск` (`Артикул_альбома`, `Носитель`, `Наименование_альбома`, `Исполнитель`, `Дата_релиза`, `Жанр`, `Лейбл`) VALUES ('IMP155.1', 'Грампластинка (винил)', 'Love Supreme', 'John Coltrane', '1995-06-20', 'Джаз', 'Impulse Records');
INSERT INTO `MusicStores`.`Диск` (`Артикул_альбома`, `Носитель`, `Наименование_альбома`, `Исполнитель`, `Дата_релиза`, `Жанр`, `Лейбл`) VALUES ('PKFL518425.1', 'Грампластинка (винил)', 'Dark Side of the Moon', 'Pink Floyd', '2016-11-04', 'Рок', 'Pink Floyd Records');
INSERT INTO `MusicStores`.`Диск` (`Артикул_альбома`, `Носитель`, `Наименование_альбома`, `Исполнитель`, `Дата_релиза`, `Жанр`, `Лейбл`) VALUES ('WB44523.2', 'CD макси-сингл', 'Ray of Light', 'Madonna', '1998-06-23', 'Поп', 'Warner Brothers');
INSERT INTO `MusicStores`.`Диск` (`Артикул_альбома`, `Носитель`, `Наименование_альбома`, `Исполнитель`, `Дата_релиза`, `Жанр`, `Лейбл`) VALUES ('PKFL518426.1', 'Грампластинка (винил)', 'Wish You Were Here', 'Pink Floyd', '2016-10-14', 'Рок', 'Pink Floyd Records');
INSERT INTO `MusicStores`.`Диск` (`Артикул_альбома`, `Носитель`, `Наименование_альбома`, `Исполнитель`, `Дата_релиза`, `Жанр`, `Лейбл`) VALUES ('PRL791497.2', 'Компакт-диск', 'The Wall', 'Pink Floyd', '2011-09-27', 'Рок', 'Parlophone (Wea)');
INSERT INTO `MusicStores`.`Диск` (`Артикул_альбома`, `Носитель`, `Наименование_альбома`, `Исполнитель`, `Дата_релиза`, `Жанр`, `Лейбл`) VALUES ('Q56002', 'Грампластинка (винил)', 'Sweet Home Alabama', 'Lynyrd Skynyrd', '2015-06-04', 'Рок', '	Eagle Rock Entertainment');
INSERT INTO `MusicStores`.`Диск` (`Артикул_альбома`, `Носитель`, `Наименование_альбома`, `Исполнитель`, `Дата_релиза`, `Жанр`, `Лейбл`) VALUES ('AM540510.2', 'Компакт-диск', 'Greatest Hits', 'Joan Baez', '1996-05-07', 'Фолк', 'A&M');
INSERT INTO `MusicStores`.`Диск` (`Артикул_альбома`, `Носитель`, `Наименование_альбома`, `Исполнитель`, `Дата_релиза`, `Жанр`, `Лейбл`) VALUES ('CAP3782571.1', 'Грампластинка (винил)', 'With The Beatles', 'Beatles', '2014-09-09', 'Рок', 'Capitol');
INSERT INTO `MusicStores`.`Диск` (`Артикул_альбома`, `Носитель`, `Наименование_альбома`, `Исполнитель`, `Дата_релиза`, `Жанр`, `Лейбл`) VALUES ('020497', 'Компакт-диск', 'Various Positions', 'Leonard Cohen', '2006-06-26', 'Поп', 'Cbs');
INSERT INTO `MusicStores`.`Диск` (`Артикул_альбома`, `Носитель`, `Наименование_альбома`, `Исполнитель`, `Дата_релиза`, `Жанр`, `Лейбл`) VALUES ('IMT252534.2', 'CD макси-сингл', 'St. Anger', 'Metallica', '2003-06-17', 'Рок', 'Imports');
INSERT INTO `MusicStores`.`Диск` (`Артикул_альбома`, `Носитель`, `Наименование_альбома`, `Исполнитель`, `Дата_релиза`, `Жанр`, `Лейбл`) VALUES ('SUZ239.7', '7-дюймовый сингл (винил)', 'Can You Please Crawl Out Your Window', 'Jim Hendrix', '2012-04-24', 'Рок', '	Sundazed Music Inc.');

COMMIT;


-- -----------------------------------------------------
-- Data for table `MusicStores`.`Гитара`
-- -----------------------------------------------------
START TRANSACTION;
USE `MusicStores`;
INSERT INTO `MusicStores`.`Гитара` (`Артикул_гитары`, `Тип_гитары`, `Наименование_гитары`, `Производитель`, `Страна`, `Основной_материал`, `Цвет`, `Вес`) VALUES ('5B00A', 'Акустическая гитара', 'Martin 00028EC', 'Martin', 'США', 'Ситхинская ель, палисандр, красное дерево', 'Натуральный', 3.1);
INSERT INTO `MusicStores`.`Гитара` (`Артикул_гитары`, `Тип_гитары`, `Наименование_гитары`, `Производитель`, `Страна`, `Основной_материал`, `Цвет`, `Вес`) VALUES ('02007', 'Трэвел-гитара', 'Yamaha GL1 TBS', 'Yamaha', 'Индонезия', 'Ель, меранти, мора', 'Натуральный', 1.2);
INSERT INTO `MusicStores`.`Гитара` (`Артикул_гитары`, `Тип_гитары`, `Наименование_гитары`, `Производитель`, `Страна`, `Основной_материал`, `Цвет`, `Вес`) VALUES ('5B069', 'Акустическая гитара', 'Oscar Schmidt OD50B', 'Oscar Schmidt', 'Китай', 'Ель, катальпа, красное дерево', 'Чёрный', 2.4);
INSERT INTO `MusicStores`.`Гитара` (`Артикул_гитары`, `Тип_гитары`, `Наименование_гитары`, `Производитель`, `Страна`, `Основной_материал`, `Цвет`, `Вес`) VALUES ('68933', 'Бас-гитара', 'Fender American Vintage \'63 Precision Bass RW Faded Sonic ', 'Fender', 'США', 'Ольха, клён, палисандр', 'Синий', 6.4);
INSERT INTO `MusicStores`.`Гитара` (`Артикул_гитары`, `Тип_гитары`, `Наименование_гитары`, `Производитель`, `Страна`, `Основной_материал`, `Цвет`, `Вес`) VALUES ('70903', 'Укулеле', 'Flight DUS 322 ZEB/ ZEB', 'Flight', 'Китай', 'Зебрано, окоуме', 'Натуральный', 1.1);
INSERT INTO `MusicStores`.`Гитара` (`Артикул_гитары`, `Тип_гитары`, `Наименование_гитары`, `Производитель`, `Страна`, `Основной_материал`, `Цвет`, `Вес`) VALUES ('1500E', 'Классическая гитара', 'Yamaha C40M (02)', 'Yamaha', 'Индонезия', 'Ель, меранти, мора', 'Натуральный', 2.5);
INSERT INTO `MusicStores`.`Гитара` (`Артикул_гитары`, `Тип_гитары`, `Наименование_гитары`, `Производитель`, `Страна`, `Основной_материал`, `Цвет`, `Вес`) VALUES ('X6005', 'Укулеле', 'Godin MULTIUKE Natural HG', 'Godin', 'Канада', 'Красное дерево, испанский кедр', 'Натуральный', 1.9);
INSERT INTO `MusicStores`.`Гитара` (`Артикул_гитары`, `Тип_гитары`, `Наименование_гитары`, `Производитель`, `Страна`, `Основной_материал`, `Цвет`, `Вес`) VALUES ('RD00D', 'Электрогитара', 'Washburn J5 TS', 'Washburn ', 'Китай', 'Волнистый клён, махогани, палисандр', 'Натуральный', 4.8);
INSERT INTO `MusicStores`.`Гитара` (`Артикул_гитары`, `Тип_гитары`, `Наименование_гитары`, `Производитель`, `Страна`, `Основной_материал`, `Цвет`, `Вес`) VALUES ('6G005', 'Мандолина', 'Washburn M1K', 'Washburn ', 'Китай', 'Ель, клён, палисандр', 'Натуральный', 3.8);
INSERT INTO `MusicStores`.`Гитара` (`Артикул_гитары`, `Тип_гитары`, `Наименование_гитары`, `Производитель`, `Страна`, `Основной_материал`, `Цвет`, `Вес`) VALUES ('2G009', 'Бас-гитара', 'Fernandes T5X TC SBG', 'Fernandes', 'Китай', 'Ольха, волнистый клён, палисандр', 'Морская волна', 5.5);
INSERT INTO `MusicStores`.`Гитара` (`Артикул_гитары`, `Тип_гитары`, `Наименование_гитары`, `Производитель`, `Страна`, `Основной_материал`, `Цвет`, `Вес`) VALUES ('2Q02A', 'Бас-гитара', 'Warwick CORVETTE PROLINE 6 Burgundy Highpolish', 'Warwick', 'Германия', 'Огненный клён, овангкол, венге', 'Красный глянец', 4.5);
INSERT INTO `MusicStores`.`Гитара` (`Артикул_гитары`, `Тип_гитары`, `Наименование_гитары`, `Производитель`, `Страна`, `Основной_материал`, `Цвет`, `Вес`) VALUES ('D8005', 'Трэвел-гитара', 'Martin GCBC(2) Backpacker Nylon', 'Martin', 'США', 'Ель, красное дерево', 'Натуральный', 2.05);
INSERT INTO `MusicStores`.`Гитара` (`Артикул_гитары`, `Тип_гитары`, `Наименование_гитары`, `Производитель`, `Страна`, `Основной_материал`, `Цвет`, `Вес`) VALUES ('FM003', 'Сайлент-гитара', 'Yamaha SLG200N NATURAL', 'Yamaha', 'Китай', 'Красное дерево, клён, палисандр', 'Натуральный', 4.1);
INSERT INTO `MusicStores`.`Гитара` (`Артикул_гитары`, `Тип_гитары`, `Наименование_гитары`, `Производитель`, `Страна`, `Основной_материал`, `Цвет`, `Вес`) VALUES ('63155', 'Классическая гитара', 'Esteve 6PS CD', 'Esteve', 'Испания', 'Кедр, палисандр, красное дерево', 'Натуральный', 3.05);
INSERT INTO `MusicStores`.`Гитара` (`Артикул_гитары`, `Тип_гитары`, `Наименование_гитары`, `Производитель`, `Страна`, `Основной_материал`, `Цвет`, `Вес`) VALUES ('6F004', 'Банджо', 'Washburn B16(K)', 'Washburn ', 'Китай', 'Красное дерево, палисандр', 'Натуральный', 6);
INSERT INTO `MusicStores`.`Гитара` (`Артикул_гитары`, `Тип_гитары`, `Наименование_гитары`, `Производитель`, `Страна`, `Основной_материал`, `Цвет`, `Вес`) VALUES ('5B1B4', 'Акустическая гитара', 'Jay Turser JJ45-TBL', 'Jay Turser', 'Китай', 'Ель, липа, красное дерево', 'Прозрачный синий', 6);
INSERT INTO `MusicStores`.`Гитара` (`Артикул_гитары`, `Тип_гитары`, `Наименование_гитары`, `Производитель`, `Страна`, `Основной_материал`, `Цвет`, `Вес`) VALUES ('4I01A', 'Электрогитара', 'Washburn PXM18EB', 'Washburn', 'Индонезия', 'Ольха, красное дерево, чёрное дерево', 'Чёрный', 6.8);
INSERT INTO `MusicStores`.`Гитара` (`Артикул_гитары`, `Тип_гитары`, `Наименование_гитары`, `Производитель`, `Страна`, `Основной_материал`, `Цвет`, `Вес`) VALUES ('PJ00E', 'Акустическая гитара', 'Norman PROTEGE B18-12 PRESYS Natural', 'Norman', 'Канада', 'Дикая вишня, кедр, палисандр', 'Натуральный', 6);
INSERT INTO `MusicStores`.`Гитара` (`Артикул_гитары`, `Тип_гитары`, `Наименование_гитары`, `Производитель`, `Страна`, `Основной_материал`, `Цвет`, `Вес`) VALUES ('6G00A', 'Мандолина', 'Oscar Schmidt OM40 (TS)', 'Oscar Schmidt', 'Китай', 'Клён, ель, красное дерево', 'Санберст', 1.8);
INSERT INTO `MusicStores`.`Гитара` (`Артикул_гитары`, `Тип_гитары`, `Наименование_гитары`, `Производитель`, `Страна`, `Основной_материал`, `Цвет`, `Вес`) VALUES ('2G0F3', 'Бас-гитара', 'Fernandes R5X BLK', 'Fernandes', 'Китай', 'Ольха, клён, палисандр', 'Чёрный', 5.3);

COMMIT;


-- -----------------------------------------------------
-- Data for table `MusicStores`.`Аксессуар`
-- -----------------------------------------------------
START TRANSACTION;
USE `MusicStores`;
INSERT INTO `MusicStores`.`Аксессуар` (`Артикул_аксессуара`, `Тип_аксессуара`, `Тип_гитары`, `Наименование_аксессуара`, `Производитель`, `Страна`, `Основной_материал`, `Цвет`, `Вес`) VALUES ('NN01C', 'Струны', 'Бас-гитара', 'Warwick 46210ML4', 'Warwick', 'Германия', 'Никель', NULL, 0.15);
INSERT INTO `MusicStores`.`Аксессуар` (`Артикул_аксессуара`, `Тип_аксессуара`, `Тип_гитары`, `Наименование_аксессуара`, `Производитель`, `Страна`, `Основной_материал`, `Цвет`, `Вес`) VALUES ('DB021', 'Медиаторы', 'Любая', 'Dunlop 47PEJ3N', 'Dunlop', 'США', NULL, NULL, 0.01);
INSERT INTO `MusicStores`.`Аксессуар` (`Артикул_аксессуара`, `Тип_аксессуара`, `Тип_гитары`, `Наименование_аксессуара`, `Производитель`, `Страна`, `Основной_материал`, `Цвет`, `Вес`) VALUES ('GA001', 'Каподастр', 'Акустическая', 'D`Addario PW-CP-04', 'D`Addario ', 'США', NULL, 'Чёрный', 0.05);
INSERT INTO `MusicStores`.`Аксессуар` (`Артикул_аксессуара`, `Тип_аксессуара`, `Тип_гитары`, `Наименование_аксессуара`, `Производитель`, `Страна`, `Основной_материал`, `Цвет`, `Вес`) VALUES ('GA00F', 'Каподастр', 'Любая', 'Dunlop 72D(D)', 'Dunlop', 'США', NULL, NULL, 0.04);
INSERT INTO `MusicStores`.`Аксессуар` (`Артикул_аксессуара`, `Тип_аксессуара`, `Тип_гитары`, `Наименование_аксессуара`, `Производитель`, `Страна`, `Основной_материал`, `Цвет`, `Вес`) VALUES ('QE005', 'Чехол', 'Бас-гитара', 'Rockbag RB20505B', 'Rockbag', 'Китай', NULL, 'Чёрный', 1.35);
INSERT INTO `MusicStores`.`Аксессуар` (`Артикул_аксессуара`, `Тип_аксессуара`, `Тип_гитары`, `Наименование_аксессуара`, `Производитель`, `Страна`, `Основной_материал`, `Цвет`, `Вес`) VALUES ('Z1016', 'Слайд', 'Любая', 'Dunlop 277 Blue', 'Dunlop', 'США', 'Стекло', 'Синий', 0.07);
INSERT INTO `MusicStores`.`Аксессуар` (`Артикул_аксессуара`, `Тип_аксессуара`, `Тип_гитары`, `Наименование_аксессуара`, `Производитель`, `Страна`, `Основной_материал`, `Цвет`, `Вес`) VALUES ('Z300F', 'Слайд', 'Любая', 'Dunlop 320', 'Dunlop', 'США', 'Хромированная сталь', NULL, 0.07);
INSERT INTO `MusicStores`.`Аксессуар` (`Артикул_аксессуара`, `Тип_аксессуара`, `Тип_гитары`, `Наименование_аксессуара`, `Производитель`, `Страна`, `Основной_материал`, `Цвет`, `Вес`) VALUES ('0906C', 'Струны', 'Электрогитара', 'Savarez S50L', 'Savarez', 'Франция', 'Чистый никель', NULL, 0.06);
INSERT INTO `MusicStores`.`Аксессуар` (`Артикул_аксессуара`, `Тип_аксессуара`, `Тип_гитары`, `Наименование_аксессуара`, `Производитель`, `Страна`, `Основной_материал`, `Цвет`, `Вес`) VALUES ('NP03B', 'Струны', 'Бас-гитара', 'Dunlop DBMMS45125', 'Dunlop', 'США', 'Сталь', NULL, 0.01);
INSERT INTO `MusicStores`.`Аксессуар` (`Артикул_аксессуара`, `Тип_аксессуара`, `Тип_гитары`, `Наименование_аксессуара`, `Производитель`, `Страна`, `Основной_материал`, `Цвет`, `Вес`) VALUES ('27013', 'Тюнер', 'Любая', 'Stagg TUM-50', 'Stagg', 'Китай', NULL, NULL, 0.15);
INSERT INTO `MusicStores`.`Аксессуар` (`Артикул_аксессуара`, `Тип_аксессуара`, `Тип_гитары`, `Наименование_аксессуара`, `Производитель`, `Страна`, `Основной_материал`, `Цвет`, `Вес`) VALUES ('7R07D', 'Ремень', 'Любая', 'Dunlop BOB05', 'Dunlop', 'США', NULL, NULL, 0.15);
INSERT INTO `MusicStores`.`Аксессуар` (`Артикул_аксессуара`, `Тип_аксессуара`, `Тип_гитары`, `Наименование_аксессуара`, `Производитель`, `Страна`, `Основной_материал`, `Цвет`, `Вес`) VALUES ('65127', 'Чехол', 'Акустическая гитара', 'Bag & Music CASUAL Acoustic BM1039', 'Bag & Music ', 'Россия', 'Полиэстер', 'Чёрный', 2);
INSERT INTO `MusicStores`.`Аксессуар` (`Артикул_аксессуара`, `Тип_аксессуара`, `Тип_гитары`, `Наименование_аксессуара`, `Производитель`, `Страна`, `Основной_материал`, `Цвет`, `Вес`) VALUES ('QD037', 'Чехол', 'Электрогитара', 'Mono M80-VEG-GRY', 'Mono', 'Китай', NULL, 'Серый', 2.4);
INSERT INTO `MusicStores`.`Аксессуар` (`Артикул_аксессуара`, `Тип_аксессуара`, `Тип_гитары`, `Наименование_аксессуара`, `Производитель`, `Страна`, `Основной_материал`, `Цвет`, `Вес`) VALUES ('QC015', 'Чехол', 'Акустическая гитара', 'Martin 52BGB(98185)', 'Martin', 'США', NULL, NULL, 1.8);
INSERT INTO `MusicStores`.`Аксессуар` (`Артикул_аксессуара`, `Тип_аксессуара`, `Тип_гитары`, `Наименование_аксессуара`, `Производитель`, `Страна`, `Основной_материал`, `Цвет`, `Вес`) VALUES ('68937', 'Чехол', 'Укулеле', 'Fender Urban Soprano Ukulele Bag', 'Fender', 'Китай', NULL, 'Чёрный', 1.1);
INSERT INTO `MusicStores`.`Аксессуар` (`Артикул_аксессуара`, `Тип_аксессуара`, `Тип_гитары`, `Наименование_аксессуара`, `Производитель`, `Страна`, `Основной_материал`, `Цвет`, `Вес`) VALUES ('X6011', 'Струны', 'Укулеле', 'D`Addario J98', 'D`Addario', 'США', 'Нейлон', 'Чёрный', 0.03);

COMMIT;


-- -----------------------------------------------------
-- Data for table `MusicStores`.`Чек`
-- -----------------------------------------------------
START TRANSACTION;
USE `MusicStores`;
INSERT INTO `MusicStores`.`Чек` (`Номер_чека`, `ID_магазина`, `ID_покупателя`, `Артикул_товара`, `Количество_единиц_товара`, `Цена_единицы_товара`) VALUES ('N10', 'R1', 'P2', 'PJ00E', 1, 24990);
INSERT INTO `MusicStores`.`Чек` (`Номер_чека`, `ID_магазина`, `ID_покупателя`, `Артикул_товара`, `Количество_единиц_товара`, `Цена_единицы_товара`) VALUES ('N11', 'R5', 'P3', 'RD00D', 1, 32120);
INSERT INTO `MusicStores`.`Чек` (`Номер_чека`, `ID_магазина`, `ID_покупателя`, `Артикул_товара`, `Количество_единиц_товара`, `Цена_единицы_товара`) VALUES ('N11', 'R5', 'P3', '0906C', 2, 489);
INSERT INTO `MusicStores`.`Чек` (`Номер_чека`, `ID_магазина`, `ID_покупателя`, `Артикул_товара`, `Количество_единиц_товара`, `Цена_единицы_товара`) VALUES ('N11', 'R5', 'P3', 'Z1016', 1, 1290);
INSERT INTO `MusicStores`.`Чек` (`Номер_чека`, `ID_магазина`, `ID_покупателя`, `Артикул_товара`, `Количество_единиц_товара`, `Цена_единицы_товара`) VALUES ('N12', 'R4', 'P4', '70903', 1, 5280);
INSERT INTO `MusicStores`.`Чек` (`Номер_чека`, `ID_магазина`, `ID_покупателя`, `Артикул_товара`, `Количество_единиц_товара`, `Цена_единицы_товара`) VALUES ('N13', 'R2', 'P1', 'Q56002', 1, 2041);
INSERT INTO `MusicStores`.`Чек` (`Номер_чека`, `ID_магазина`, `ID_покупателя`, `Артикул_товара`, `Количество_единиц_товара`, `Цена_единицы_товара`) VALUES ('N13', 'R2', 'P1', 'IMT252534.2', 1, 886);
INSERT INTO `MusicStores`.`Чек` (`Номер_чека`, `ID_магазина`, `ID_покупателя`, `Артикул_товара`, `Количество_единиц_товара`, `Цена_единицы_товара`) VALUES ('N14', 'R3', 'P4', 'X6005', 1, 23990);

COMMIT;


-- -----------------------------------------------------
-- Data for table `MusicStores`.`Поставщик`
-- -----------------------------------------------------
START TRANSACTION;
USE `MusicStores`;
INSERT INTO `MusicStores`.`Поставщик` (`ID_поставщика`, `Фамилия`, `Имя`, `Отчество`, `Страна`, `Контактный_телефон`) VALUES ('S1', 'Романов', 'Олег', 'Викторович', 'Россия', '+7 (425) 553-45-23');
INSERT INTO `MusicStores`.`Поставщик` (`ID_поставщика`, `Фамилия`, `Имя`, `Отчество`, `Страна`, `Контактный_телефон`) VALUES ('S2', 'Брэнсон', 'Ричард', NULL, 'США', '+1 (456) 465-34-54');
INSERT INTO `MusicStores`.`Поставщик` (`ID_поставщика`, `Фамилия`, `Имя`, `Отчество`, `Страна`, `Контактный_телефон`) VALUES ('S3', 'Арно', 'Бернар', NULL, 'Франция', '+33 (454) 34-54-34');
INSERT INTO `MusicStores`.`Поставщик` (`ID_поставщика`, `Фамилия`, `Имя`, `Отчество`, `Страна`, `Контактный_телефон`) VALUES ('S4', 'Тёрнер', 'Тед', NULL, 'США', '+1 (345) 445-34-32');
INSERT INTO `MusicStores`.`Поставщик` (`ID_поставщика`, `Фамилия`, `Имя`, `Отчество`, `Страна`, `Контактный_телефон`) VALUES ('S5', 'Тиль', 'Питер', NULL, 'Германия', '+49 (345) 77-87-46');
INSERT INTO `MusicStores`.`Поставщик` (`ID_поставщика`, `Фамилия`, `Имя`, `Отчество`, `Страна`, `Контактный_телефон`) VALUES ('S6', 'Бригель', 'Ева', NULL, 'Германия', '+49 (334) 67-76-33');
INSERT INTO `MusicStores`.`Поставщик` (`ID_поставщика`, `Фамилия`, `Имя`, `Отчество`, `Страна`, `Контактный_телефон`) VALUES ('S7', 'Ферреро', 'Микеле', NULL, 'Италия', '+39 (345) 65-45-67');
INSERT INTO `MusicStores`.`Поставщик` (`ID_поставщика`, `Фамилия`, `Имя`, `Отчество`, `Страна`, `Контактный_телефон`) VALUES ('S8', 'Ямаути', 'Фусадзиро', NULL, 'Япония', '+81 (467) 46-78-55');
INSERT INTO `MusicStores`.`Поставщик` (`ID_поставщика`, `Фамилия`, `Имя`, `Отчество`, `Страна`, `Контактный_телефон`) VALUES ('S9', 'Валеев', 'Владимир', 'Георгиевич', 'Россия', '+7 (456) 345-78-45');

COMMIT;


-- -----------------------------------------------------
-- Data for table `MusicStores`.`Поставка`
-- -----------------------------------------------------
START TRANSACTION;
USE `MusicStores`;
INSERT INTO `MusicStores`.`Поставка` (`ID_поставки`, `ID_поставщика`, `ID_магазина`, `Тип_товара`, `Артикул_товара`, `Объём`) VALUES ('D110', 'S6', 'R4', 'Гитара', '5B069', 2);
INSERT INTO `MusicStores`.`Поставка` (`ID_поставки`, `ID_поставщика`, `ID_магазина`, `Тип_товара`, `Артикул_товара`, `Объём`) VALUES ('D110', 'S6', 'R4', 'Гитара', '70903', 3);
INSERT INTO `MusicStores`.`Поставка` (`ID_поставки`, `ID_поставщика`, `ID_магазина`, `Тип_товара`, `Артикул_товара`, `Объём`) VALUES ('D110', 'S6', 'R4', 'Аксессуар', 'GA00F', 5);
INSERT INTO `MusicStores`.`Поставка` (`ID_поставки`, `ID_поставщика`, `ID_магазина`, `Тип_товара`, `Артикул_товара`, `Объём`) VALUES ('D112', 'S6', 'R1', 'Диск', 'IMP155.1', 5);
INSERT INTO `MusicStores`.`Поставка` (`ID_поставки`, `ID_поставщика`, `ID_магазина`, `Тип_товара`, `Артикул_товара`, `Объём`) VALUES ('D112', 'S6', 'R1', 'Диск', 'PRL791497.2', 5);
INSERT INTO `MusicStores`.`Поставка` (`ID_поставки`, `ID_поставщика`, `ID_магазина`, `Тип_товара`, `Артикул_товара`, `Объём`) VALUES ('D113', 'S3', 'R5', 'Диск', 'PKFL518425.1', 7);
INSERT INTO `MusicStores`.`Поставка` (`ID_поставки`, `ID_поставщика`, `ID_магазина`, `Тип_товара`, `Артикул_товара`, `Объём`) VALUES ('D113', 'S3', 'R5', 'Гитара', '6G005', 4);
INSERT INTO `MusicStores`.`Поставка` (`ID_поставки`, `ID_поставщика`, `ID_магазина`, `Тип_товара`, `Артикул_товара`, `Объём`) VALUES ('D113', 'S3', 'R5', 'Гитара', '68933', 3);
INSERT INTO `MusicStores`.`Поставка` (`ID_поставки`, `ID_поставщика`, `ID_магазина`, `Тип_товара`, `Артикул_товара`, `Объём`) VALUES ('D113', 'S3', 'R5', 'Аксессуар', '0906C', 2);
INSERT INTO `MusicStores`.`Поставка` (`ID_поставки`, `ID_поставщика`, `ID_магазина`, `Тип_товара`, `Артикул_товара`, `Объём`) VALUES ('D114', 'S2', 'R1', 'Аксессуар', '68937', 20);
INSERT INTO `MusicStores`.`Поставка` (`ID_поставки`, `ID_поставщика`, `ID_магазина`, `Тип_товара`, `Артикул_товара`, `Объём`) VALUES ('D115', 'S9', 'R3', 'Гитара', 'FM003', 1);
INSERT INTO `MusicStores`.`Поставка` (`ID_поставки`, `ID_поставщика`, `ID_магазина`, `Тип_товара`, `Артикул_товара`, `Объём`) VALUES ('D115', 'S9', 'R3', 'Диск', 'SBMK308428.2', 4);
INSERT INTO `MusicStores`.`Поставка` (`ID_поставки`, `ID_поставщика`, `ID_магазина`, `Тип_товара`, `Артикул_товара`, `Объём`) VALUES ('D116', 'S7', 'R3', 'Диск', 'PKFL518426.1', 5);
INSERT INTO `MusicStores`.`Поставка` (`ID_поставки`, `ID_поставщика`, `ID_магазина`, `Тип_товара`, `Артикул_товара`, `Объём`) VALUES ('D117', 'S4', 'R2', 'Диск', 'IMT3681708.2', 8);
INSERT INTO `MusicStores`.`Поставка` (`ID_поставки`, `ID_поставщика`, `ID_магазина`, `Тип_товара`, `Артикул_товара`, `Объём`) VALUES ('D117', 'S4', 'R2', 'Диск', 'CAP82468.1', 2);
INSERT INTO `MusicStores`.`Поставка` (`ID_поставки`, `ID_поставщика`, `ID_магазина`, `Тип_товара`, `Артикул_товара`, `Объём`) VALUES ('D117', 'S4', 'R2', 'Диск', 'Q56002', 4);
INSERT INTO `MusicStores`.`Поставка` (`ID_поставки`, `ID_поставщика`, `ID_магазина`, `Тип_товара`, `Артикул_товара`, `Объём`) VALUES ('D118', 'S5', 'R3', 'Гитара', 'X6005', 2);
INSERT INTO `MusicStores`.`Поставка` (`ID_поставки`, `ID_поставщика`, `ID_магазина`, `Тип_товара`, `Артикул_товара`, `Объём`) VALUES ('D118', 'S5', 'R3', 'Аксессуар', 'QC015', 45);
INSERT INTO `MusicStores`.`Поставка` (`ID_поставки`, `ID_поставщика`, `ID_магазина`, `Тип_товара`, `Артикул_товара`, `Объём`) VALUES ('D119', 'S9', 'R5', 'Диск', 'SBMK308428.2', 3);
INSERT INTO `MusicStores`.`Поставка` (`ID_поставки`, `ID_поставщика`, `ID_магазина`, `Тип_товара`, `Артикул_товара`, `Объём`) VALUES ('D119', 'S9', 'R5', 'Диск', 'AM540510.2', 4);
INSERT INTO `MusicStores`.`Поставка` (`ID_поставки`, `ID_поставщика`, `ID_магазина`, `Тип_товара`, `Артикул_товара`, `Объём`) VALUES ('D119', 'S9', 'R5', 'Аксессуар', 'Z1016', 6);
INSERT INTO `MusicStores`.`Поставка` (`ID_поставки`, `ID_поставщика`, `ID_магазина`, `Тип_товара`, `Артикул_товара`, `Объём`) VALUES ('D120', 'S1', 'R4', 'Аксессуар', '27013', 10);
INSERT INTO `MusicStores`.`Поставка` (`ID_поставки`, `ID_поставщика`, `ID_магазина`, `Тип_товара`, `Артикул_товара`, `Объём`) VALUES ('D120', 'S1', 'R4', 'Диск', 'IMP155.1', 3);
INSERT INTO `MusicStores`.`Поставка` (`ID_поставки`, `ID_поставщика`, `ID_магазина`, `Тип_товара`, `Артикул_товара`, `Объём`) VALUES ('D120', 'S1', 'R4', 'Диск', '020497', 6);
INSERT INTO `MusicStores`.`Поставка` (`ID_поставки`, `ID_поставщика`, `ID_магазина`, `Тип_товара`, `Артикул_товара`, `Объём`) VALUES ('D121', 'S4', 'R5', 'Диск', 'IMT3681708.2', 6);
INSERT INTO `MusicStores`.`Поставка` (`ID_поставки`, `ID_поставщика`, `ID_магазина`, `Тип_товара`, `Артикул_товара`, `Объём`) VALUES ('D122', 'S1', 'R3', 'Аксессуар', '27013', 15);
INSERT INTO `MusicStores`.`Поставка` (`ID_поставки`, `ID_поставщика`, `ID_магазина`, `Тип_товара`, `Артикул_товара`, `Объём`) VALUES ('D123', 'S3', 'R3', 'Аксессуар', '0906C', 30);
INSERT INTO `MusicStores`.`Поставка` (`ID_поставки`, `ID_поставщика`, `ID_магазина`, `Тип_товара`, `Артикул_товара`, `Объём`) VALUES ('D123', 'S3', 'R3', 'Диск', 'CAP82468.1', 1);
INSERT INTO `MusicStores`.`Поставка` (`ID_поставки`, `ID_поставщика`, `ID_магазина`, `Тип_товара`, `Артикул_товара`, `Объём`) VALUES ('D123', 'S3', 'R3', 'Гитара', 'X6005', 2);
INSERT INTO `MusicStores`.`Поставка` (`ID_поставки`, `ID_поставщика`, `ID_магазина`, `Тип_товара`, `Артикул_товара`, `Объём`) VALUES ('D124', 'S3', 'R1', 'Диск', 'WB44523.2', 3);
INSERT INTO `MusicStores`.`Поставка` (`ID_поставки`, `ID_поставщика`, `ID_магазина`, `Тип_товара`, `Артикул_товара`, `Объём`) VALUES ('D124', 'S3', 'R1', 'Гитара', 'PJ00E', 1);
INSERT INTO `MusicStores`.`Поставка` (`ID_поставки`, `ID_поставщика`, `ID_магазина`, `Тип_товара`, `Артикул_товара`, `Объём`) VALUES ('D124', 'S3', 'R1', 'Гитара', '68933', 4);
INSERT INTO `MusicStores`.`Поставка` (`ID_поставки`, `ID_поставщика`, `ID_магазина`, `Тип_товара`, `Артикул_товара`, `Объём`) VALUES ('D125', 'S5', 'R2', 'Диск', 'IMT252534.2', 2);
INSERT INTO `MusicStores`.`Поставка` (`ID_поставки`, `ID_поставщика`, `ID_магазина`, `Тип_товара`, `Артикул_товара`, `Объём`) VALUES ('D125', 'S5', 'R2', 'Диск', 'SUZ239.7', 6);
INSERT INTO `MusicStores`.`Поставка` (`ID_поставки`, `ID_поставщика`, `ID_магазина`, `Тип_товара`, `Артикул_товара`, `Объём`) VALUES ('D125', 'S5', 'R2', 'Гитара', 'X6005', 3);
INSERT INTO `MusicStores`.`Поставка` (`ID_поставки`, `ID_поставщика`, `ID_магазина`, `Тип_товара`, `Артикул_товара`, `Объём`) VALUES ('D125', 'S5', 'R2', 'Аксессуар', '27013', 35);
INSERT INTO `MusicStores`.`Поставка` (`ID_поставки`, `ID_поставщика`, `ID_магазина`, `Тип_товара`, `Артикул_товара`, `Объём`) VALUES ('D126', 'S8', 'R4', 'Гитара', '5B00A', 4);
INSERT INTO `MusicStores`.`Поставка` (`ID_поставки`, `ID_поставщика`, `ID_магазина`, `Тип_товара`, `Артикул_товара`, `Объём`) VALUES ('D126', 'S8', 'R4', 'Гитара', '1500E', 5);
INSERT INTO `MusicStores`.`Поставка` (`ID_поставки`, `ID_поставщика`, `ID_магазина`, `Тип_товара`, `Артикул_товара`, `Объём`) VALUES ('D127', 'S9', 'R2', 'Диск', 'AM540510.2', 1);
INSERT INTO `MusicStores`.`Поставка` (`ID_поставки`, `ID_поставщика`, `ID_магазина`, `Тип_товара`, `Артикул_товара`, `Объём`) VALUES ('D128', 'S6', 'R1', 'Гитара', '70903', 3);
INSERT INTO `MusicStores`.`Поставка` (`ID_поставки`, `ID_поставщика`, `ID_магазина`, `Тип_товара`, `Артикул_товара`, `Объём`) VALUES ('D129', 'S7', 'R2', 'Аксессуар', '0906C', 55);
INSERT INTO `MusicStores`.`Поставка` (`ID_поставки`, `ID_поставщика`, `ID_магазина`, `Тип_товара`, `Артикул_товара`, `Объём`) VALUES ('D129', 'S7', 'R2', 'Диск', 'PKFL518426.1', 12);
INSERT INTO `MusicStores`.`Поставка` (`ID_поставки`, `ID_поставщика`, `ID_магазина`, `Тип_товара`, `Артикул_товара`, `Объём`) VALUES ('D130', 'S2', 'R5', 'Диск', '020497', 2);
INSERT INTO `MusicStores`.`Поставка` (`ID_поставки`, `ID_поставщика`, `ID_магазина`, `Тип_товара`, `Артикул_товара`, `Объём`) VALUES ('D130', 'S2', 'R5', 'Гитара', '2Q02A', 1);
INSERT INTO `MusicStores`.`Поставка` (`ID_поставки`, `ID_поставщика`, `ID_магазина`, `Тип_товара`, `Артикул_товара`, `Объём`) VALUES ('D130', 'S2', 'R5', 'Гитара', 'RD00D', 5);

COMMIT;


-- -----------------------------------------------------
-- Data for table `MusicStores`.`Товар_на_складе`
-- -----------------------------------------------------
START TRANSACTION;
USE `MusicStores`;
INSERT INTO `MusicStores`.`Товар_на_складе` (`ID_поставщика`, `Тип_товара`, `Артикул_товара`) VALUES ('S8', 'Диск', 'GEFB001452302.2');
INSERT INTO `MusicStores`.`Товар_на_складе` (`ID_поставщика`, `Тип_товара`, `Артикул_товара`) VALUES ('S3', 'Гитара', 'X6005');
INSERT INTO `MusicStores`.`Товар_на_складе` (`ID_поставщика`, `Тип_товара`, `Артикул_товара`) VALUES ('S3', 'Гитара', '68933');
INSERT INTO `MusicStores`.`Товар_на_складе` (`ID_поставщика`, `Тип_товара`, `Артикул_товара`) VALUES ('S3', 'Аксессуар', '0906C');
INSERT INTO `MusicStores`.`Товар_на_складе` (`ID_поставщика`, `Тип_товара`, `Артикул_товара`) VALUES ('S1', 'Диск', 'CAP82468.1');
INSERT INTO `MusicStores`.`Товар_на_складе` (`ID_поставщика`, `Тип_товара`, `Артикул_товара`) VALUES ('S5', 'Гитара', '2Q02A');
INSERT INTO `MusicStores`.`Товар_на_складе` (`ID_поставщика`, `Тип_товара`, `Артикул_товара`) VALUES ('S3', 'Диск', 'WB44523.2');
INSERT INTO `MusicStores`.`Товар_на_складе` (`ID_поставщика`, `Тип_товара`, `Артикул_товара`) VALUES ('S4', 'Гитара', 'RD00D');
INSERT INTO `MusicStores`.`Товар_на_складе` (`ID_поставщика`, `Тип_товара`, `Артикул_товара`) VALUES ('S6', 'Аксессуар', 'DB021');
INSERT INTO `MusicStores`.`Товар_на_складе` (`ID_поставщика`, `Тип_товара`, `Артикул_товара`) VALUES ('S6', 'Диск', 'GEFB001452302.2');
INSERT INTO `MusicStores`.`Товар_на_складе` (`ID_поставщика`, `Тип_товара`, `Артикул_товара`) VALUES ('S1', 'Аксессуар', '27013');
INSERT INTO `MusicStores`.`Товар_на_складе` (`ID_поставщика`, `Тип_товара`, `Артикул_товара`) VALUES ('S8', 'Гитара', '5B00A');
INSERT INTO `MusicStores`.`Товар_на_складе` (`ID_поставщика`, `Тип_товара`, `Артикул_товара`) VALUES ('S4', 'Диск', 'CAP82468.1');
INSERT INTO `MusicStores`.`Товар_на_складе` (`ID_поставщика`, `Тип_товара`, `Артикул_товара`) VALUES ('S4', 'Аксессуар', 'NN01C');
INSERT INTO `MusicStores`.`Товар_на_складе` (`ID_поставщика`, `Тип_товара`, `Артикул_товара`) VALUES ('S4', 'Диск', 'IMT3681708.2');
INSERT INTO `MusicStores`.`Товар_на_складе` (`ID_поставщика`, `Тип_товара`, `Артикул_товара`) VALUES ('S2', 'Аксессуар', 'GA00F');
INSERT INTO `MusicStores`.`Товар_на_складе` (`ID_поставщика`, `Тип_товара`, `Артикул_товара`) VALUES ('S2', 'Аксессуар', 'GA001');
INSERT INTO `MusicStores`.`Товар_на_складе` (`ID_поставщика`, `Тип_товара`, `Артикул_товара`) VALUES ('S1', 'Гитара', '5B069');
INSERT INTO `MusicStores`.`Товар_на_складе` (`ID_поставщика`, `Тип_товара`, `Артикул_товара`) VALUES ('S7', 'Гитара', '5B00A');
INSERT INTO `MusicStores`.`Товар_на_складе` (`ID_поставщика`, `Тип_товара`, `Артикул_товара`) VALUES ('S7', 'Диск', 'SBMK308428.2');
INSERT INTO `MusicStores`.`Товар_на_складе` (`ID_поставщика`, `Тип_товара`, `Артикул_товара`) VALUES ('S8', 'Диск', 'CAP82468.1');
INSERT INTO `MusicStores`.`Товар_на_складе` (`ID_поставщика`, `Тип_товара`, `Артикул_товара`) VALUES ('S9', 'Диск', 'SBMK308428.2');
INSERT INTO `MusicStores`.`Товар_на_складе` (`ID_поставщика`, `Тип_товара`, `Артикул_товара`) VALUES ('S5', 'Аксессуар', 'QE005');
INSERT INTO `MusicStores`.`Товар_на_складе` (`ID_поставщика`, `Тип_товара`, `Артикул_товара`) VALUES ('S4', 'Гитара', '02007');
INSERT INTO `MusicStores`.`Товар_на_складе` (`ID_поставщика`, `Тип_товара`, `Артикул_товара`) VALUES ('S3', 'Диск', 'CAP82468.1');
INSERT INTO `MusicStores`.`Товар_на_складе` (`ID_поставщика`, `Тип_товара`, `Артикул_товара`) VALUES ('S6', 'Аксессуар', 'GA00F');
INSERT INTO `MusicStores`.`Товар_на_складе` (`ID_поставщика`, `Тип_товара`, `Артикул_товара`) VALUES ('S6', 'Гитара', '5B069');
INSERT INTO `MusicStores`.`Товар_на_складе` (`ID_поставщика`, `Тип_товара`, `Артикул_товара`) VALUES ('S1', 'Диск', 'IMP155.1');
INSERT INTO `MusicStores`.`Товар_на_складе` (`ID_поставщика`, `Тип_товара`, `Артикул_товара`) VALUES ('S6', 'Диск', 'IMP155.1');
INSERT INTO `MusicStores`.`Товар_на_складе` (`ID_поставщика`, `Тип_товара`, `Артикул_товара`) VALUES ('S3', 'Диск', 'PKFL518425.1');
INSERT INTO `MusicStores`.`Товар_на_складе` (`ID_поставщика`, `Тип_товара`, `Артикул_товара`) VALUES ('S6', 'Диск', 'WB44523.2');
INSERT INTO `MusicStores`.`Товар_на_складе` (`ID_поставщика`, `Тип_товара`, `Артикул_товара`) VALUES ('S7', 'Диск', 'PKFL518426.1');
INSERT INTO `MusicStores`.`Товар_на_складе` (`ID_поставщика`, `Тип_товара`, `Артикул_товара`) VALUES ('S3', 'Диск', 'PKFL518426.1');
INSERT INTO `MusicStores`.`Товар_на_складе` (`ID_поставщика`, `Тип_товара`, `Артикул_товара`) VALUES ('S6', 'Гитара', '70903');
INSERT INTO `MusicStores`.`Товар_на_складе` (`ID_поставщика`, `Тип_товара`, `Артикул_товара`) VALUES ('S8', 'Гитара', '1500E');
INSERT INTO `MusicStores`.`Товар_на_складе` (`ID_поставщика`, `Тип_товара`, `Артикул_товара`) VALUES ('S4', 'Гитара', '1500E');
INSERT INTO `MusicStores`.`Товар_на_складе` (`ID_поставщика`, `Тип_товара`, `Артикул_товара`) VALUES ('S5', 'Гитара', 'X6005');
INSERT INTO `MusicStores`.`Товар_на_складе` (`ID_поставщика`, `Тип_товара`, `Артикул_товара`) VALUES ('S2', 'Гитара', 'RD00D');
INSERT INTO `MusicStores`.`Товар_на_складе` (`ID_поставщика`, `Тип_товара`, `Артикул_товара`) VALUES ('S3', 'Гитара', '6G005');
INSERT INTO `MusicStores`.`Товар_на_складе` (`ID_поставщика`, `Тип_товара`, `Артикул_товара`) VALUES ('S8', 'Гитара', '6G005');
INSERT INTO `MusicStores`.`Товар_на_складе` (`ID_поставщика`, `Тип_товара`, `Артикул_товара`) VALUES ('S5', 'Гитара', '2G009');
INSERT INTO `MusicStores`.`Товар_на_складе` (`ID_поставщика`, `Тип_товара`, `Артикул_товара`) VALUES ('S2', 'Гитара', '2Q02A');
INSERT INTO `MusicStores`.`Товар_на_складе` (`ID_поставщика`, `Тип_товара`, `Артикул_товара`) VALUES ('S7', 'Гитара', '2Q02A');
INSERT INTO `MusicStores`.`Товар_на_складе` (`ID_поставщика`, `Тип_товара`, `Артикул_товара`) VALUES ('S4', 'Гитара', 'D8005');
INSERT INTO `MusicStores`.`Товар_на_складе` (`ID_поставщика`, `Тип_товара`, `Артикул_товара`) VALUES ('S9', 'Гитара', 'FM003');
INSERT INTO `MusicStores`.`Товар_на_складе` (`ID_поставщика`, `Тип_товара`, `Артикул_товара`) VALUES ('S7', 'Гитара', '63155');
INSERT INTO `MusicStores`.`Товар_на_складе` (`ID_поставщика`, `Тип_товара`, `Артикул_товара`) VALUES ('S9', 'Гитара', '6F004');
INSERT INTO `MusicStores`.`Товар_на_складе` (`ID_поставщика`, `Тип_товара`, `Артикул_товара`) VALUES ('S4', 'Гитара', '5B1B4');
INSERT INTO `MusicStores`.`Товар_на_складе` (`ID_поставщика`, `Тип_товара`, `Артикул_товара`) VALUES ('S6', 'Гитара', '5B1B4');
INSERT INTO `MusicStores`.`Товар_на_складе` (`ID_поставщика`, `Тип_товара`, `Артикул_товара`) VALUES ('S1', 'Гитара', '4I01A');
INSERT INTO `MusicStores`.`Товар_на_складе` (`ID_поставщика`, `Тип_товара`, `Артикул_товара`) VALUES ('S3', 'Гитара', 'PJ00E');
INSERT INTO `MusicStores`.`Товар_на_складе` (`ID_поставщика`, `Тип_товара`, `Артикул_товара`) VALUES ('S5', 'Гитара', '6G00A');
INSERT INTO `MusicStores`.`Товар_на_складе` (`ID_поставщика`, `Тип_товара`, `Артикул_товара`) VALUES ('S8', 'Гитара', '2G0F3');
INSERT INTO `MusicStores`.`Товар_на_складе` (`ID_поставщика`, `Тип_товара`, `Артикул_товара`) VALUES ('S9', 'Аксессуар', 'Z1016');
INSERT INTO `MusicStores`.`Товар_на_складе` (`ID_поставщика`, `Тип_товара`, `Артикул_товара`) VALUES ('S7', 'Аксессуар', 'Z1016');
INSERT INTO `MusicStores`.`Товар_на_складе` (`ID_поставщика`, `Тип_товара`, `Артикул_товара`) VALUES ('S4', 'Аксессуар', 'Z1016');
INSERT INTO `MusicStores`.`Товар_на_складе` (`ID_поставщика`, `Тип_товара`, `Артикул_товара`) VALUES ('S6', 'Аксессуар', 'Z300F');
INSERT INTO `MusicStores`.`Товар_на_складе` (`ID_поставщика`, `Тип_товара`, `Артикул_товара`) VALUES ('S5', 'Аксессуар', 'Z300F');
INSERT INTO `MusicStores`.`Товар_на_складе` (`ID_поставщика`, `Тип_товара`, `Артикул_товара`) VALUES ('S2', 'Аксессуар', '0906C');
INSERT INTO `MusicStores`.`Товар_на_складе` (`ID_поставщика`, `Тип_товара`, `Артикул_товара`) VALUES ('S7', 'Аксессуар', '0906C');
INSERT INTO `MusicStores`.`Товар_на_складе` (`ID_поставщика`, `Тип_товара`, `Артикул_товара`) VALUES ('S2', 'Аксессуар', 'NP03B');
INSERT INTO `MusicStores`.`Товар_на_складе` (`ID_поставщика`, `Тип_товара`, `Артикул_товара`) VALUES ('S9', 'Аксессуар', 'NP03B');
INSERT INTO `MusicStores`.`Товар_на_складе` (`ID_поставщика`, `Тип_товара`, `Артикул_товара`) VALUES ('S8', 'Аксессуар', 'NP03B');
INSERT INTO `MusicStores`.`Товар_на_складе` (`ID_поставщика`, `Тип_товара`, `Артикул_товара`) VALUES ('S5', 'Аксессуар', '27013');
INSERT INTO `MusicStores`.`Товар_на_складе` (`ID_поставщика`, `Тип_товара`, `Артикул_товара`) VALUES ('S4', 'Аксессуар', '7R07D');
INSERT INTO `MusicStores`.`Товар_на_складе` (`ID_поставщика`, `Тип_товара`, `Артикул_товара`) VALUES ('S8', 'Аксессуар', '65127');
INSERT INTO `MusicStores`.`Товар_на_складе` (`ID_поставщика`, `Тип_товара`, `Артикул_товара`) VALUES ('S6', 'Аксессуар', 'QD037');
INSERT INTO `MusicStores`.`Товар_на_складе` (`ID_поставщика`, `Тип_товара`, `Артикул_товара`) VALUES ('S5', 'Аксессуар', 'QC015');
INSERT INTO `MusicStores`.`Товар_на_складе` (`ID_поставщика`, `Тип_товара`, `Артикул_товара`) VALUES ('S2', 'Аксессуар', '68937');
INSERT INTO `MusicStores`.`Товар_на_складе` (`ID_поставщика`, `Тип_товара`, `Артикул_товара`) VALUES ('S2', 'Аксессуар', 'X6011');
INSERT INTO `MusicStores`.`Товар_на_складе` (`ID_поставщика`, `Тип_товара`, `Артикул_товара`) VALUES ('S3', 'Аксессуар', 'X6011');
INSERT INTO `MusicStores`.`Товар_на_складе` (`ID_поставщика`, `Тип_товара`, `Артикул_товара`) VALUES ('S7', 'Аксессуар', 'X6011');
INSERT INTO `MusicStores`.`Товар_на_складе` (`ID_поставщика`, `Тип_товара`, `Артикул_товара`) VALUES ('S2', 'Диск', 'PRL791497.2');
INSERT INTO `MusicStores`.`Товар_на_складе` (`ID_поставщика`, `Тип_товара`, `Артикул_товара`) VALUES ('S6', 'Диск', 'PRL791497.2');
INSERT INTO `MusicStores`.`Товар_на_складе` (`ID_поставщика`, `Тип_товара`, `Артикул_товара`) VALUES ('S4', 'Диск', 'Q56002');
INSERT INTO `MusicStores`.`Товар_на_складе` (`ID_поставщика`, `Тип_товара`, `Артикул_товара`) VALUES ('S7', 'Диск', 'Q56002');
INSERT INTO `MusicStores`.`Товар_на_складе` (`ID_поставщика`, `Тип_товара`, `Артикул_товара`) VALUES ('S8', 'Диск', 'Q56002');
INSERT INTO `MusicStores`.`Товар_на_складе` (`ID_поставщика`, `Тип_товара`, `Артикул_товара`) VALUES ('S4', 'Диск', 'AM540510.2');
INSERT INTO `MusicStores`.`Товар_на_складе` (`ID_поставщика`, `Тип_товара`, `Артикул_товара`) VALUES ('S9', 'Диск', 'AM540510.2');
INSERT INTO `MusicStores`.`Товар_на_складе` (`ID_поставщика`, `Тип_товара`, `Артикул_товара`) VALUES ('S2', 'Диск', 'CAP3782571.1');
INSERT INTO `MusicStores`.`Товар_на_складе` (`ID_поставщика`, `Тип_товара`, `Артикул_товара`) VALUES ('S6', 'Диск', 'CAP3782571.1');
INSERT INTO `MusicStores`.`Товар_на_складе` (`ID_поставщика`, `Тип_товара`, `Артикул_товара`) VALUES ('S8', 'Диск', '020497');
INSERT INTO `MusicStores`.`Товар_на_складе` (`ID_поставщика`, `Тип_товара`, `Артикул_товара`) VALUES ('S2', 'Диск', '020497');
INSERT INTO `MusicStores`.`Товар_на_складе` (`ID_поставщика`, `Тип_товара`, `Артикул_товара`) VALUES ('S1', 'Диск', '020497');
INSERT INTO `MusicStores`.`Товар_на_складе` (`ID_поставщика`, `Тип_товара`, `Артикул_товара`) VALUES ('S5', 'Диск', 'IMT252534.2');
INSERT INTO `MusicStores`.`Товар_на_складе` (`ID_поставщика`, `Тип_товара`, `Артикул_товара`) VALUES ('S7', 'Диск', 'IMT252534.2');
INSERT INTO `MusicStores`.`Товар_на_складе` (`ID_поставщика`, `Тип_товара`, `Артикул_товара`) VALUES ('S5', 'Диск', 'SUZ239.7');

COMMIT;

